,title,spec_list,price,rate,opinion
0,로더베르 시그니처 퍼퓸 샴푸 베이비파우더 1000ml,"'일반샴푸', '세정력', '풍부한 거품', '향', '저자극', '약산성', '모발영양'","9,900원",4.8,"7,980"
1,제이숲 딥그린제이 아로마 샴푸 일랑일랑 1000ml,"'지성', '건성', '민감성', '모든 모발용', '일반샴푸', '패스트샴푸', '천연샴푸', '비듬샴푸', '산성샴푸', '두피샴푸', '퍼퓸샴푸', '머릿결개선', '세정력', '풍부한 거품', '향', '상쾌함', '저자극', '촉촉함(수분공급)', '트러블케어', '각질케어', '유분제거', '청량감', '비듬케어', '손상케어', '모발영양'","14,900원",4.7,"3,307"
2,모다모다 프로체인지 블랙샴푸 300g,"'모든 모발용', '탈모샴푸', '저자극', '계면활성제 프리', '파라벤 프리', '실리콘 프리'","25,650원",4.6,"15,302"
3,에스큐제약 모나다 샴푸 1000ml,"'모든 모발용', '일반샴푸', '세정력', '모발영양'","52,300원",4.8,"1,234"
4,아모스 녹차실감 산뜻한 타입 지성 모발용 샴푸 500g,"'두피샴푸', '세정력', '상쾌함', '저자극', '촉촉함(수분공급)', '실리콘 프리', '모발영양'","13,830원",4.8,"12,955"
5,안나플러스 천연 약산성 샴푸 500ml,"'지성', '건성', '민감성', '가는 모발용', '손상 모발용', '탈모샴푸', '천연샴푸', '비듬샴푸', '두피샴푸', '머릿결개선', '세정력', '풍부한 거품', '향', '저자극', '트러블케어', '유분제거', '청량감', '계면활성제 프리', '비듬케어', '손상케어', '모발영양'","28,490원",4.6,"3,274"
6,헤드앤숄더 가려운 두피케어 샴푸 850ml,"'모든 모발용', '세정력', '비듬케어'","5,920원",4.7,"17,100"
7,아모스 퓨어스마트 샴푸 프레시 500g,"'지성', '두피샴푸', '세정력', '풍부한 거품', '촉촉함(수분공급)', '비듬케어'","9,280원",4.7,"7,159"
8,더나플러스 그린테라피 샴푸 500ml,"'모든 모발용', '탈모샴푸', '머릿결개선', '세정력', '저자극', '트러블케어', '계면활성제 프리', '파라벤 프리'","37,110원",4.9,922
9,제이숲 오리지널 실크케라틴 샴푸 손상모발용 500ml,"'지성', '건성', '민감성', '손상 모발용', '모든 모발용', '일반샴푸', '비듬샴푸', '두피샴푸', '퍼퓸샴푸', '머릿결개선', '세정력', '풍부한 거품', '향', '약산성', '모발영양'","13,900원",4.8,381
10,헤드앤숄더 쿨 멘솔 샴푸 850ml,"'모든 모발용', '일반샴푸', '촉촉함(수분공급)', '비듬케어'","5,960원",4.7,"14,044"
11,쿤달 허니 앤 마카다미아 네이처 샴푸 베이비파우더 500ml,"'모든 모발용', '일반샴푸', '머릿결개선', '세정력', '풍부한 거품', '향', '저자극', '촉촉함(수분공급)', '파라벤 프리', '약산성', '손상케어', '모발영양'","7,670원",4.6,"36,393"
12,닥터모두 좋은 스칼프 샴푸 500ml,"'지성', '건성', '민감성', '건선/피부염성', '모든 모발용', '일반샴푸', '탈모샴푸', '천연샴푸', '비듬샴푸', '두피샴푸', '한방샴푸', '머릿결개선', '세정력', '풍부한 거품', '향', '상쾌함', '저자극', '촉촉함(수분공급)', '트러블케어', '각질케어', '유분제거', '청량감', '계면활성제 프리', '파라벤 프리', '실리콘 프리', '비듬케어', '약산성', '볼륨효과'","24,000원",4.9,"3,811"
13,올솔 검은콩 딥 스케일링 나이트 샴푸 로즈마리향 400ml,"'지성', '건성', '민감성', '건선/피부염성', '가는 모발용', '손상 모발용', '천연샴푸', '비듬샴푸', '두피샴푸', '한방샴푸', '퍼퓸샴푸', '저자극', '촉촉함(수분공급)', '각질케어', '계면활성제 프리', '파라벤 프리', '실리콘 프리', '비듬케어', '약산성', '볼륨효과'","15,800원",4.6,"6,152"
14,닥터그루트 힘없는 모발용 샴푸 400ml,"'모든 모발용', '탈모샴푸', '두피샴푸', '세정력', '풍부한 거품', '계면활성제 프리', '파라벤 프리', '실리콘 프리', '볼륨효과'","13,000원",4.7,"5,216"
15,미쟝센 퍼펙트 세럼 샴푸 오리지널 680ml,"'일반샴푸', '머릿결개선', '세정력', '향', '모발영양'","3,450원",4.8,"23,210"
16,려 자양윤모 9EX 지성 두피용 샴푸 400ml,"'지성', '탈모샴푸', '한방샴푸', '머릿결개선', '세정력', '향', '촉촉함(수분공급)', '실리콘 프리', '모발영양'","4,410원",4.8,"1,895"
17,온유어라이프 브로콜리 샴푸 250ml,"'모든 모발용', '일반샴푸', '머릿결개선', '세정력', '풍부한 거품', '향', '상쾌함', '저자극', '유분제거', '실리콘 프리', '약산성', '모발영양'","25,600원",5.0,"1,388"
18,에스큐제약 두픽 지루성 두피염 가려움증 비듬샴푸 1000ml,"'모든 모발용', '비듬샴푸', '머릿결개선', '세정력', '풍부한 거품', '향', '상쾌함', '저자극', '촉촉함(수분공급)', '트러블케어', '청량감', '비듬케어', '약산성', '손상케어', '모발영양'","52,300원",4.7,379
19,알페신 카페인 샴푸 C1 250ml,"'지성', '일반샴푸', '실리콘 프리'","6,460원",4.7,"10,368"
20,튠나인 해브 어 나이스 데이 샴푸 500ml,"'모든 모발용', '일반샴푸', '세정력', '향', '상쾌함', '저자극', '촉촉함(수분공급)', '각질케어', '유분제거', '청량감', '계면활성제 프리', '실리콘 프리', '볼륨효과'","32,400원",4.9,679
21,LOMA 너리싱 샴푸 1000ml,"'손상 모발용', '모든 모발용', '천연샴푸', '머릿결개선', '세정력', '풍부한 거품', '향', '저자극', '청량감', '계면활성제 프리', '파라벤 프리', '모발영양'","44,180원",4.8,"14,082"
22,메디올 두피 청정 샴푸 480ml,"'모든 모발용', '일반샴푸', '풍부한 거품', '향', '저자극', '각질케어', '계면활성제 프리', '파라벤 프리'","11,520원",4.6,"1,809"
23,하이앙포레 프리미엄 샴푸1000ml,"'염색 모발용', '웨이브 모발용', '모든 모발용', '두피샴푸', '세정력', '촉촉함(수분공급)', '약산성'","35,000원",4.8,"5,797"
24,청미정 흑곡 샴푸 500ml,"'지성', '민감성', '천연샴푸', '두피샴푸', '세정력', '풍부한 거품', '상쾌함', '저자극', '촉촉함(수분공급)', '유분제거', '청량감'","33,000원",4.6,"16,197"
25,블라세아 비듬 지루성 두피염 샴푸 500ml,"'건선/피부염성', '비듬샴푸', '두피샴푸', '세정력', '풍부한 거품', '향', '상쾌함', '트러블케어', '각질케어', '유분제거', '청량감', '비듬케어', '모발영양'","38,000원",4.7,731
26,앙방 쿨링 멘톨 쿨 두피케어 샴푸 600ml,"'지성', '건성', '민감성', '탈모샴푸', '천연샴푸', '비듬샴푸', '머릿결개선', '세정력', '풍부한 거품', '향', '상쾌함', '저자극', '유분제거', '청량감', '비듬케어', '약산성', '손상케어', '모발영양'","21,900원",4.7,"2,179"
27,닥터포헤어 피토 테라피 두피샴푸 500ml,"'지성', '건성', '민감성', '건선/피부염성', '모든 모발용', '일반샴푸', '천연샴푸', '비듬샴푸', '산성샴푸', '두피샴푸', '머릿결개선', '세정력', '풍부한 거품', '저자극', '촉촉함(수분공급)', '각질케어', '유분제거', '계면활성제 프리', '파라벤 프리', '실리콘 프리', '비듬케어', '약산성', '손상케어', '모발영양'","13,450원",4.7,"6,852"
28,헤드앤숄더 클리니컬 스트렝스 비듬 샴푸 400ml,"'비듬샴푸', '두피샴푸', '세정력', '향', '저자극', '각질케어', '비듬케어', '모발영양'","10,290원",4.7,"4,454"
29,청미정 EM 발효 다시마 천연샴푸 500ml,"'건성', '민감성', '천연샴푸', '두피샴푸', '세정력', '풍부한 거품', '상쾌함', '촉촉함(수분공급)', '모발영양'","28,500원",4.7,"19,926"
30,비바스 더마 내추럴 시카 샴푸 500g,"'민감성', '건선/피부염성', '손상 모발용', '천연샴푸', '두피샴푸', '세정력', '풍부한 거품', '저자극', '계면활성제 프리', '파라벤 프리', '실리콘 프리', '약산성'","9,880원",4.7,"1,364"
31,아모스 리페어 포스 손상 모발용 샴푸 500g,"'손상 모발용', '일반샴푸', '풍부한 거품', '촉촉함(수분공급)'","9,620원",4.8,"1,523"
32,닥터그루트 마이크로바이옴 캡슐 샴푸 400ml,"'가는 모발용', '손상 모발용', '모든 모발용', '일반샴푸', '두피샴푸', '머릿결개선', '세정력', '풍부한 거품', '향', '트러블케어', '손상케어', '모발영양'","21,550원",4.7,"2,716"
33,커리쉴 모이스처 카밍 샴푸 330ml,"'모든 모발용', '일반샴푸', '머릿결개선', '세정력', '풍부한 거품', '향', '상쾌함', '저자극', '촉촉함(수분공급)', '청량감', '파라벤 프리', '실리콘 프리', '약산성', '손상케어', '모발영양'","17,560원",4.9,831
34,미쟝센 데미지케어 로즈프로틴 샴푸 680ml,"'모든 모발용', '손상케어', '머릿결개선'","1,500원",4.8,"5,532"
35,아모스 녹차실감 샴푸 촉촉한타입 500g,"'모든 모발용', '일반샴푸', '세정력', '촉촉함(수분공급)', '실리콘 프리'","13,470원",4.8,"2,000"
36,아모스 칼라 앤 펌 샴푸 1000g,"'모든 모발용', '손상케어', '향', '상쾌함'","9,970원",4.8,"4,006"
37,르네휘테르 포티샤 에네자이징 샴푸 600ml,"'모든 모발용', '건성', '세정력'","38,980원",4.7,"6,156"
38,아베다 로즈메리 민트 샴푸 1000ml,"'가는 모발용', '일반샴푸', '촉촉함(수분공급)'","53,040원",4.8,"2,979"
39,보타랩 데저티콜라 샴푸 500ml,"'일반샴푸', '세정력', '풍부한 거품', '향', '저자극', '촉촉함(수분공급)', '약산성', '모발영양'","18,990원",4.6,"1,040"
40,비바스 오리진 아이슬란드 쿨링 샴푸 1000ml,"'모든 모발용', '일반샴푸', '비듬샴푸', '두피샴푸', '머릿결개선', '세정력', '풍부한 거품', '향', '상쾌함', '저자극', '촉촉함(수분공급)', '트러블케어', '각질케어', '유분제거', '청량감', '계면활성제 프리', '파라벤 프리', '실리콘 프리', '비듬케어', '약산성', '볼륨효과', '손상케어', '모발영양'","9,860원",4.7,556
41,RAUSCH 콜츠푸트 안티 댄드러프 샴푸 200ml,"'비듬샴푸', '두피샴푸', '세정력', '각질케어', '파라벤 프리', '실리콘 프리', '비듬케어', '약산성'","17,780원",4.8,"2,194"
42,알페신 카페인 샴푸 375ml,"'모든 모발용', '일반샴푸', '모발영양'","11,630원",4.7,"2,108"
43,니심 패스트 샴푸 300ml,"'손상 모발용', '패스트샴푸', '촉촉함(수분공급)'","30,000원",4.7,400
44,KnP 에너자이징 스칼프 샴푸 500ml,"'모든 모발용', '머릿결개선', '세정력', '저자극', '유분제거', '비듬케어'","69,000원",5.0,37
45,순수연구소 천연 약산성 노니 두피케어 샴푸 500ml,"'지성', '건성', '민감성', '탈모샴푸', '비듬샴푸', '두피샴푸'","25,980원",4.7,"3,036"
46,미르엔 네추럴 테라피 샴푸 500ml,"'모든 모발용', '두피샴푸', '머릿결개선', '세정력', '풍부한 거품', '상쾌함', '저자극', '촉촉함(수분공급)', '트러블케어', '각질케어', '유분제거', '청량감', '계면활성제 프리', '볼륨효과'","29,800원",4.5,"7,951"
47,려 청아 딥클렌징 앤 쿨링 샴푸 550ml,"'모든 모발용', '일반샴푸', ', '세정력', '향', '상쾌함', '각질케어', '청량감', '실리콘 프리'","4,100원",4.8,"1,422"
48,톤28 머리 감을거리 샴푸바 S19 바오밥나무오일 100g,"'모든 모발용', '일반샴푸', '머릿결개선', '세정력', '풍부한 거품', '저자극', '유분제거', '약산성', '모발영양'","8,690원",4.7,"11,351"
49,댄트롤 딥 클린 박하 솔트 샴푸 820ml,"'모든 모발용', '일반샴푸', '두피샴푸', '머릿결개선', '상쾌함', '촉촉함(수분공급)', '청량감', '비듬케어', '모발영양'","3,520원",4.8,"8,427"
50,려 순한 저자극 더마 지성 샴푸 400ml,"'지성', '일반샴푸', '저자극', '유분제거', '계면활성제 프리', '실리콘 프리', '약산성'","7,400원",4.7,"12,040"
51,닥터올가 호호바 티 트리 샴푸 500ml,"'모든 모발용', '일반샴푸', '천연샴푸', '비듬샴푸', '두피샴푸', '머릿결개선', '세정력', '풍부한 거품', '상쾌함', '저자극', '트러블케어', '각질케어', '유분제거', '청량감', '계면활성제 프리', '파라벤 프리', '실리콘 프리', '비듬케어', '약산성', '손상케어'","17,780원",4.6,"11,615"
52,려 흑운 모근강화 앤 볼륨 샴푸 550ml,"'모든 모발용', '일반샴푸', '세정력', '향', '약산성', '볼륨효과', '모발영양'","4,050원",4.8,"3,462"
53,아모스 프로페셔널 퓨어스마트 쿨 샴푸 500ml,"'모든 모발용', '일반샴푸', '두피샴푸', '청량감', '향', '풍부한 거품'","9,390원",4.7,"2,838"
54,더바디샵 진저 스켈프 케어 샴푸 400ml,"'모든 모발용', '비듬샴푸', '촉촉함(수분공급)'","15,290원",4.8,"3,443"
55,밀크바오밥 세라 샴푸 화이트 머스크 1200ml,"'모든 모발용', '일반샴푸', '두피샴푸', '청량감', '향', '풍부한 거품'","10,650원",4.7,"6,490"
56,헤드앤숄더 딥 클린 샴푸 850ml,"'모든 모발용', '두피샴푸', '세정력', '트러블케어', '유분제거', '비듬케어'","6,080원",4.7,"2,896"
57,닥터그루트 지성두피용 샴푸 400ml,"'모든 모발용', '지성', '모발영양'","13,930원",4.8,"2,802"
58,블라세아 바디브 미오 샴푸 베이베리 오차드 1000ml,"'모든 모발용', '일반샴푸', '천연샴푸', '비듬샴푸', '퍼퓸샴푸', '머릿결개선', '세정력', '향', '저자극', '촉촉함(수분공급)', '각질케어', '유분제거', '비듬케어', '약산성', '모발영양'","9,800원",4.8,502
59,케라시스 러블리 앤 로맨틱 퍼퓸 샴푸 600ml,"'지성', '건성', '민감성', '가는 모발용', '염색 모발용', '웨이브 모발용', '손상 모발용', '모든 모발용', '일반샴푸', '퍼퓸샴푸', '머릿결개선', '세정력', '풍부한 거품', '향', '상쾌함', '촉촉함(수분공급)', '유분제거', '청량감', '파라벤 프리', '약산성', '볼륨효과', '손상케어', '모발영양'","2,940원",4.7,"1,996"
60,엘라스틴 퍼퓸 러브미 샴푸 600ml,"'모든 모발용', '일반샴푸', '향'","3,500원",4.7,"10,899"
61,피부백서 비오틴 앤 로즈마리 뉴트리 샴푸 500ml,"'모든 모발용', '두피샴푸', '머릿결개선', '세정력', '풍부한 거품', '상쾌함', '저자극', '각질케어', '유분제거', '청량감', '약산성'","12,500원",4.7,189
62,TS 지디 샴푸 400ml,"'모든 모발용', '풍부한 거품', '향', '저자극', '촉촉함(수분공급)', '유분제거', '비듬케어'","17,090원",4.7,"2,032"
63,미쟝센 헤어테라피 샤이닝 모이스처 샴푸 4.2kg,"'건성', '일반샴푸', '촉촉함(수분공급)', '손상케어', '모발영양'","9,970원",4.8,"1,002"
64,헤어플러스 컬러 본드 보색 샴푸 300ml,"'염색 모발용', '일반샴푸', '약산성', '손상케어'","14,920원",4.6,"3,764"
65,오가니스트 로즈마리 민트 두피 딥클렌징 샴푸 500ml,"'일반샴푸', '세정력', '상쾌함', '청량감', '계면활성제 프리', '파라벤 프리', '실리콘 프리', '약산성'","6,040원",4.7,"1,547"
66,부케가르니 히말라야 허브 나드 샴푸 1000ml,"'건성', '건선/피부염성', '모든 모발용', '천연샴푸', '두피샴푸', '퍼퓸샴푸', '머릿결개선', '세정력', '풍부한 거품', '향', '저자극', '촉촉함(수분공급)', '손상케어', '모발영양'","7,040원",4.6,"3,559"
67,에리제론 올인원 비건 샴푸바 어성초그린 120g,"'모든 모발용', '천연샴푸', '두피샴푸', '샴푸바', '세정력', '풍부한 거품', '저자극', '촉촉함(수분공급)', '트러블케어', '각질케어', '유분제거', '계면활성제 프리', '파라벤 프리', '실리콘 프리', '약산성', '볼륨효과', '모발영양'","19,100원",4.7,"1,318"
68,비욘드 프로페셔널 디펜스 샴푸 600ml,"'지성', '두피샴푸', '세정력', '상쾌함'","19,510원",4.8,"3,595"
69,로더베르 시그니처 퍼퓸 샴푸 미드나잇 메모리 1000ml,"'일반샴푸', '세정력', '풍부한 거품', '향', '저자극', '약산성', '모발영양'","9,900원",4.6,479
70,제이숲 컬러 제이 오로라 보색 샴푸 염색 모발용 퍼플 380ml,"'염색 모발용', '일반샴푸', '머릿결개선', '세정력', '풍부한 거품', '향', '약산성', '손상케어'","14,500원",4.5,759
71,끌림글램 아하 바하 파하 백합 샴푸 500ml,"'모든 모발용', '일반샴푸', '세정력', '풍부한 거품', '향', '상쾌함', '저자극', '촉촉함(수분공급)', '각질케어', '청량감', '파라벤 프리', '실리콘 프리', '약산성', '모발영양'","7,900원",4.8,468
72,현대약품 마이녹셀 스칼프 인텐시브 샴푸 400ml,"'모든 모발용', '일반샴푸', '머릿결개선', '세정력', '풍부한 거품', '향', '상쾌함', '저자극', '촉촉함(수분공급)', '각질케어', '청량감', '볼륨효과', '손상케어', '모발영양'","12,620원",4.6,408
73,네이처리퍼블릭 블랙빈 안티 헤어 로스 샴푸 300ml,"'모든 모발용', '두피샴푸', '모발영양'","8,670원",4.5,"11,452"
74,톤28 머리 감을거리 샴푸바 S21 검은콩 참숯 100g,"'모든 모발용', '일반샴푸', '세정력', '풍부한 거품', '상쾌함', '저자극', '각질케어', '유분제거', '계면활성제 프리', '파라벤 프리', '실리콘 프리', '약산성', '볼륨효과'","8,780원",4.7,"1,230"
75,헤드앤숄더 애플 프레쉬 샴푸 850ml,"'일반샴푸', '비듬케어', '향', '세정력'","5,920원",4.8,"3,835"
76,려 함빛 극손상 앤 영양 샴푸 550ml,"'손상 모발용', '일반샴푸', '세정력', '향', '촉촉함(수분공급)', '약산성', '모발영양'","4,050원",4.8,"1,360"
77,엔씨페트라 리스토어 퓨어 샴푸 1000ml,"'일반샴푸', '세정력', '상쾌함', '저자극', '실리콘 프리', '약산성'","15,900원",4.8,443
78,미쟝센 스킨 케어 퍼퓸 샴푸 페어 앤 프리지아 900ml,"'퍼퓸샴푸', '세정력', '향', '촉촉함(수분공급)'","10,140원",4.8,"1,413"
79,밀킨 큐어올 지루성 두피염 샴푸 500ml,"'건성', '건선/피부염성', '비듬샴푸', '산성샴푸', '두피샴푸', '세정력', '저자극', '트러블케어', '각질케어', '비듬케어', '약산성'","31,000원",4.9,65
80,려 헤리티지 비오틴비타 샴푸 585ml,"'모든 모발용', '일반샴푸', '머릿결개선', '세정력', '풍부한 거품', '향', '촉촉함(수분공급)', '각질케어', '유분제거', '실리콘 프리', '비듬케어', '약산성', '모발영양'","13,760원",4.7,"3,545"
81,닥터그루트 힘없는 모발용 샴푸 200ml,"'모든 모발용', '탈모샴푸', '두피샴푸', '세정력', '풍부한 거품', '계면활성제 프리', '파라벤 프리', '실리콘 프리', '볼륨효과'","3,990원",4.6,"1,085"
82,헤어플러스 단백질 본드 샴푸 1000ml,"'건성', '가는 모발용', '염색 모발용', '웨이브 모발용', '손상 모발용', '모든 모발용', '일반샴푸', '산성샴푸', '머릿결개선', '촉촉함(수분공급)', '손상케어', '모발영양'","12,680원",4.7,"5,441"
83,미쟝센 살롱 플러스 클리닉 10 손상 모발용 샴푸 990ml,"'손상 모발용', '일반샴푸', '머릿결개선', '세정력', '풍부한 거품', '향', '촉촉함(수분공급)', '약산성', '손상케어', '모발영양'","13,820원",4.8,"1,499"
84,클리어 맨 딥클린 샴푸 650ml,"'지성', '일반샴푸', '세정력', '유분제거', '청량감', '비듬케어'","4,500원",4.7,"1,318"
85,아모스 녹차실감 부드러운 타입 샴푸 500g,"'모든 모발용', '세정력', '저자극', '촉촉함(수분공급)', '실리콘 프리'","13,920원",4.8,795
86,동구밭 올바른 중건성용 샴푸바 100g,"'건성', '가는 모발용', '모든 모발용', '일반샴푸', '천연샴푸', '비듬샴푸', '두피샴푸', '샴푸바', '머릿결개선', '세정력', '풍부한 거품', '향', '상쾌함', '저자극', '촉촉함(수분공급)', '각질케어', '비듬케어', '약산성', '모발영양'","8,490원",4.8,"22,796"
87,닥터시드 슈퍼시드밤 리바이탈라이즈 샴푸 1000ml,"'모든 모발용', '일반샴푸', '천연샴푸', '퍼퓸샴푸', '머릿결개선', '세정력', '풍부한 거품', '향', '저자극', '촉촉함(수분공급)', '트러블케어', '약산성', '손상케어'","11,720원",4.6,"21,620"
88,제이숲 딥그린제이 어성초 샴푸 1000ml,"'모든 모발용', '일반샴푸', '탈모샴푸', '천연샴푸', '비듬샴푸', '두피샴푸'","15,900원",4.9,254
89,아로마티카 로즈마리 스칼프 스케일링 샴푸 500ml(리필),"'모든 모발용', '일반샴푸', '세정력', '풍부한 거품', '향', '상쾌함', '촉촉함(수분공급)', '각질케어', '유분제거', '모발영양'","12,780원",4.8,354
90,엘라스틴 실크리페어 시그니처 샴푸 550ml,"'모든 모발용', '일반샴푸', '머릿결개선', '향', '모발영양'","3,990원",4.8,"3,436"
91,TS 쿨샴푸 500g," '풍부한 거품', '상쾌함', '청량감', '실리콘 프리'","9,670원",4.7,"3,793"
92,이스터 스칼프 솔루션 지루성두피염샴푸 500ml,"'건선/피부염성', '비듬샴푸', '산성샴푸', '두피샴푸', '풍부한 거품', '트러블케어', '각질케어', '비듬케어', '약산성'","50,000원",4.8,"3,807"
93,케라시스 샤이닝 데미지 케어 샴푸 4000ml,"'지성', '건성', '민감성', '가는 모발용', '염색 모발용', '웨이브 모발용', '손상 모발용', '모든 모발용', '일반샴푸', '퍼퓸샴푸', '머릿결개선', '세정력', '풍부한 거품', '향', '상쾌함', '촉촉함(수분공급)', '각질케어', '유분제거', '청량감', '파라벤 프리', '약산성', '볼륨효과', '손상케어', '모발영양'","9,960원",4.7,"8,003"
94,댄트롤 쿨링 멘톨 탄산수 샴푸 820ml,"'모든 모발용', '일반샴푸', '두피샴푸', '세정력', '상쾌함', '촉촉함(수분공급)', '비듬케어', '모발영양'","3,580원",4.7,"7,198"
95,오가니스트 체리블라썸 샴푸 500ml,"'가는 모발용', '일반샴푸', '촉촉함(수분공급)'","4,970원",4.8,"4,108"
96,아모스 퓨어스마트 샴푸 모이스트 500g,"'모든 모발용', '세정력', '풍부한 거품', '촉촉함(수분공급)', '각질케어', '비듬케어'","8,830원",4.8,819
97,케라시스 데미지 클리닉 샴푸 750ml,"'지성', '건성', '민감성', '가는 모발용', '염색 모발용', '웨이브 모발용', '손상 모발용', '모든 모발용', '일반샴푸', '퍼퓸샴푸', '머릿결개선', '세정력', '풍부한 거품', '향', '상쾌함', '촉촉함(수분공급)', '유분제거', '청량감', '파라벤 프리', '약산성', '볼륨효과', '손상케어', '모발영양'","2,600원",4.7,"2,249"
98,르네휘테르 포티샤 두피 앤 모근강화 샴푸 200ml,"'두피샴푸', '세정력', '청량감', '약산성', '모발영양'","16,400원",4.7,"2,846"
99,도브 인텐스 리페어 샴푸 680ml,"'손상 모발용', '일반샴푸', '머릿결개선', '모발영양'","3,660원",4.7,"2,762"
100,려 자양윤모 중건성 샴푸 400ml,"'모든 모발용', '두피샴푸', '촉촉함(수분공급)'","4,430원",4.7,"2,021"
101,아베다 인바티 어드밴스드™ 엑스폴리에이팅 샴푸 리치 1000ml,"'건성', '일반샴푸', '두피샴푸', '세정력', '풍부한 거품', '촉촉함(수분공급)', '각질케어', '모발영양'","98,860원",4.8,933
102,폴미첼 티트리 스페셜 샴푸 1000ml,"'지성', '모든 모발용', '일반샴푸', '촉촉함(수분공급)', '비듬케어'","29,870원",4.8,813
103,안달로우 아르간 스템 셀 에이징 디파잉 샴푸 946ml,"'모든 모발용', '일반샴푸', '촉촉함(수분공급)', '파라벤 프리', '실리콘 프리', '약산성', '모발영양'","35,800원",4.7,"1,155"
104,에네스티 믹스베리 단백질 폭탄 샴푸 1000ml,"'모든 모발용', '일반샴푸', '세정력', '풍부한 거품', '향', '상쾌함', '저자극', '촉촉함(수분공급)', '청량감', '실리콘 프리', '약산성', '손상케어', '모발영양'","12,780원",4.7,"1,645"
105,헤드앤숄더 퍼퓸 프레쉬 샴푸 750ml,"'모든 모발용', '세정력', '향', '상쾌함', '유분제거'","7,470원",4.7,"6,892"
106,더블모 어성초 샴푸 1000ml,"'모든 모발용', '비듬케어', '세정력'","5,890원",4.6,"5,590"
107,로레알파리 토탈 리페어 5 리페어링 샴푸 450ml,"'모든 모발용', '일반샴푸', '머릿결개선', '세정력', '풍부한 거품', '향', '손상케어'","6,780원",4.8,"1,176"
108,르네휘테르 토뉘시아 플럼핑 샴푸 가는 모발용 600ml,"'가는 모발용', '일반샴푸', '머릿결개선', '세정력', '향', '촉촉함(수분공급)', '실리콘 프리', '볼륨효과', '모발영양'","41,050원",4.7,713
109,닥터포헤어 폴리젠 셀 에너지 샴푸 500ml,"'지성', '건성', '가는 모발용', '모든 모발용', '일반샴푸', '탈모샴푸', '두피샴푸', '머릿결개선', '세정력', '풍부한 거품', '상쾌함', '저자극', '촉촉함(수분공급)', '각질케어', '유분제거', '계면활성제 프리', '파라벤 프리', '실리콘 프리', '약산성', '볼륨효과'","15,140원",4.7,"1,578"
110,LOMA 데일리 샴푸 1000ml,"'모든 모발용', '천연샴푸', '세정력', '상쾌함', '유분제거'","41,310원",4.7,"1,322"
111,알페신 카페인 샴푸 C1 1250ml,"'모든 모발용', '일반샴푸', '실리콘 프리', '모발영양'","36,140원",4.8,577
112,엘라스틴 프로폴리테라 안티에이징 가늘고 힘없는 모발용 샴푸 500ml,"'가는 모발용', '모든 모발용', '일반샴푸', '머릿결개선', '세정력', '모발영양'","7,060원",4.7,376
113,프레시팝 두피 클렌징 모히또 샴푸 500ml,"'모든 모발용', '지성', '청량감', '세정력', '촉촉함(수분공급)'","4,090원",4.8,"21,190"
114,무백 자몽 워터 샴푸 1500ml,"'모든 모발용', '일반샴푸', '세정력', '풍부한 거품', '촉촉함(수분공급)', '파라벤 프리', '실리콘 프리', '약산성'","28,160원",4.8,"2,117"
115,하이앙포레 시크릿 샴푸 1000ml,"'지성', '일반샴푸', '두피샴푸', '세정력', '상쾌함', '트러블케어', '유분제거', '약산성', '볼륨효과'","35,000원",4.8,"1,177"
116,헤드앤숄더 두피 토탈 솔루션 샴푸 시트러스 레몬 750ml,"'모든 모발용', '일반샴푸', '세정력', '풍부한 거품', '향', '상쾌함', '유분제거', '비듬케어', '약산성'","6,750원",4.8,"1,269"
117,동구밭 올바른 지성용 샴푸바 100g,"'지성', '민감성', '모든 모발용', '천연샴푸', '비듬샴푸', '샴푸바', '머릿결개선', '세정력', '풍부한 거품', '저자극', '촉촉함(수분공급)', '유분제거', '계면활성제 프리', '비듬케어', '약산성'","8,490원",4.8,"10,433"
118,에퓨놀 토탈 리페어 지성 민감성 샴푸 500ml,"'지성', '민감성', '가는 모발용', '탈모샴푸', '비듬샴푸', '두피샴푸', '세정력', '풍부한 거품', '향', '저자극', '촉촉함(수분공급)', '각질케어', '유분제거', '비듬케어', '약산성', '모발영양'","25,900원",4.4,"10,793"
119,닥터포헤어 피토테라피 샴푸 750ml x 2개 + 100ml,"'모든 모발용', '일반샴푸', '세정력', '풍부한 거품', '향', '저자극', '계면활성제 프리', '실리콘 프리', '약산성'","31,280원",4.7,"1,088"
120,댕기머리 진기 샴푸 500ml,"'지성', '건성', '민감성', '모든 모발용', '일반샴푸', '탈모샴푸', '한방샴푸', '머릿결개선', '세정력', '풍부한 거품', '향', '상쾌함', '청량감'","12,840원",4.8,"1,118"
121,아로마티카 로즈마리 스칼프 스케일링 샴푸 900ml,"'두피샴푸', '세정력', '향', '저자극', '촉촉함(수분공급)', '각질케어', '모발영양'","20,680원",4.7,"1,525"
122,아베다 인바티 어드밴스드™ 엑스폴리에이팅 샴푸 라이트 1000ml,"'지성', '가는 모발용', '일반샴푸', '두피샴푸', '세정력', '풍부한 거품', '각질케어', '모발영양'","110,810원",4.8,921
123,록시땅 퓨리파잉 프레쉬니스 샴푸 에코 지성 500ml(리필),"'지성', '일반샴푸', '세정력', '상쾌함'","27,220원",4.9,"1,050"
124,네이처리퍼블릭 아르간 에센셜 딥 케어 샴푸 1000ml,"'손상 모발용', '일반샴푸', '머릿결개선', '세정력', '촉촉함(수분공급)', '모발영양'","20,500원",4.8,"1,599"
125,려 자양윤모 지성용 샴푸 400ml,"'모든 모발용', '세정력', '모발영양'","5,880원",4.7,"2,085"
126,팬틴 PRO-V 헤어스파 극손상 케어 샴푸 500ml,"'염색 모발용', '웨이브 모발용', '손상 모발용', '일반샴푸', '손상케어'","3,970원",4.7,"1,140"
127,미쟝센 에이징 케어 파워베리 샴푸 680ml,"'가는 모발용', '모든 모발용', '일반샴푸', '향', '볼륨효과'","3,140원",4.8,918
128,청미정 박하 쿨 샴푸 500ml,"'두피샴푸', '촉촉함(수분공급)', '세정력'","31,000원",4.7,"3,209"
129,앙방 약산성 퍼퓸 샴푸 체리블라썸 550ml,"'지성', '건성', '민감성', '모든 모발용', '일반샴푸', '탈모샴푸', '천연샴푸', '비듬샴푸', '두피샴푸', '퍼퓸샴푸', '머릿결개선', '세정력', '풍부한 거품', '향', '상쾌함', '저자극', '촉촉함(수분공급)', '트러블케어', '각질케어', '유분제거', '계면활성제 프리', '파라벤 프리', '실리콘 프리', '비듬케어', '약산성', '볼륨효과', '손상케어', '모발영양'","19,900원",4.7,609
130,엘라스틴 프로틴클리닉 10000 단백질 고영양 샴푸 1000ml,"'모든 모발용', '일반샴푸', '머릿결개선', '향', '촉촉함(수분공급)', '약산성', '모발영양'","8,510원",4.8,31
131,엘라스틴 퍼퓸 퓨어 브리즈 샴푸 600ml,"'건성', '퍼퓸샴푸', '향'","2,970원",4.7,"2,554"
132,바티스트 드라이 샴푸 클린& 클래식 오리지널 200ml,"'모든 모발용', '드라이샴푸', '세정력', '향', '유분제거'","7,110원",4.7,"3,143"
133,아윤채 리밸런싱 샴푸 프레시 500g,"'일반샴푸', '세정력', '향', '상쾌함', '트러블케어', '유분제거', '청량감', '실리콘 프리'","39,900원",4.8,963
134,폴텐 지루성두피염 비듬샴푸 200ml,"'일반샴푸', '세정력', '저자극', '각질케어', '파라벤 프리', '비듬케어', '약산성'","33,150원",4.6,"2,225"
135,제이숲 딥 그린 제이 어성초 건성 민감성 두피용 샴푸바 100g,"'건성', '민감성', '산성샴푸', '세정력', '풍부한 거품', '저자극', '계면활성제 프리', '약산성', '모발영양'","7,890원",4.9,287
136,올뉴 플러스 TS 샴푸 500ml,"'지성', '건성', '민감성', '가는 모발용', '염색 모발용', '웨이브 모발용', '손상 모발용', '모든 모발용'","14,380원",4.6,"9,005"
137,피토페시아 헤어 부스팅 샴푸 1000ml,"'모든 모발용', '일반샴푸', '머릿결개선', '세정력', '상쾌함', '촉촉함(수분공급)', '각질케어', '청량감', '볼륨효과', '모발영양'","75,000원",4.8,299
138,코츠비 약산성 맥주효모 지성 두피 로즈 천연 샴푸 500ml,"'모든 모발용', '일반샴푸', '머릿결개선', '세정력', '풍부한 거품', '향', '저자극', '각질케어', '유분제거', '실리콘 프리', '비듬케어', '약산성'","18,900원",4.6,159
139,모다모다 모더블랙 샴푸 500ml,"'모든 모발용', '두피샴푸', '머릿결개선', '세정력', '풍부한 거품', '상쾌함', '저자극', '촉촉함(수분공급)', '각질케어', '유분제거', '청량감', '비듬케어', '볼륨효과', '손상케어', '모발영양'","39,700원",4.4,92
140,아보리덤 편백 그대로 샴푸 500ml,"'모든 모발용', '일반샴푸', '탈모샴푸', '산성샴푸', '머릿결개선', '세정력', '풍부한 거품', '저자극', '촉촉함(수분공급)', '유분제거', '비듬케어', '약산성'","25,540원",4.9,113
141,미쟝센 스킨 케어 퍼퓸 샴푸 블랑쉬 엔 우디 900ml,"'퍼퓸샴푸', '세정력', '향', '촉촉함(수분공급)'","9,960원",4.9,792
142,드봉 차밍 샴푸 730ml,"'모든 모발용', '일반샴푸', '향'","2,430원",4.7,275
143,스칼프메드 블루캡슐바이옴 솔트 샴푸 400ml,"'모든 모발용', '일반샴푸', '머릿결개선', '세정력', '풍부한 거품', '향', '상쾌함', '저자극', '촉촉함(수분공급)', '트러블케어', '각질케어', '유분제거', '청량감'","19,900원",4.5,145
144,더마힐 헤어 컨디셔닝 샴푸 플러스 1000ml,"'모든 모발용', '일반샴푸', '세정력', '상쾌함', '각질케어', '약산성'","90,000원",4.9,"1,275"
145,솔랩 퓨어 테라피 지성 샴푸 300ml,"'지성', '민감성', '건선/피부염성', '모든 모발용', '일반샴푸', '천연샴푸', '비듬샴푸', '두피샴푸', '세정력', '풍부한 거품', '상쾌함', '저자극', '유분제거', '모발영양'","25,000원",5.0,510
146,다비네스 내추럴 테크 퓨리파잉 건성 지성 두피용 샴푸 250ml,"'지성', '건성', '비듬샴푸', '세정력', '각질케어', '파라벤 프리', '비듬케어'","31,200원",4.6,"1,444"
147,복스 헤어 샴푸 1500ml,"'손상 모발용', '일반샴푸', '약산성'","4,850원",4.7,"1,535"
148,려 EM 맥주홉 샴푸 820ml,"'일반샴푸', '세정력', '풍부한 거품', '향', '상쾌함', '계면활성제 프리', '실리콘 프리', '약산성', '모발영양'","10,170원",4.7,735
149,헤드앤숄더 쿨 멘솔 샴푸 550ml,"'모든 모발용', '일반샴푸', '비듬샴푸', '비듬케어'","5,800원",4.7,"2,016"
150,비에티 엘라비 네추럴 샴푸 1000ml,"'모든 모발용', '일반샴푸', '세정력', '향', '저자극', '촉촉함(수분공급)', '트러블케어', '유분제거', '계면활성제 프리', '파라벤 프리', '실리콘 프리', '약산성'","28,000원",5.0,61
151,아미노 비오틴 올파워풀 샴푸 500ml,"'모든 모발용', '일반샴푸', '머릿결개선', '세정력', '풍부한 거품', '저자극', '촉촉함(수분공급)', '유분제거', '약산성'","14,890원",4.8,472
152,닥터포헤어 세범 컨트롤 드라이 샴푸 150ml,"'모든 모발용', '드라이샴푸', '세정력', '상쾌함', '유분제거', '청량감'","8,100원",4.4,189
153,아베다 샴퓨어 너쳐링 샴푸 1000ml,"'모든 모발용', '일반샴푸', '촉촉함(수분공급)'","59,460원",4.8,"1,264"
154,닥터그루트 힘없는 모발용 샴푸 870ml,"'모든 모발용', '탈모샴푸', '두피샴푸', '세정력', '풍부한 거품', '계면활성제 프리', '파라벤 프리', '실리콘 프리', '볼륨효과'","31,000원",4.6,"1,734"
155,글라디올 헤어컬러 샴푸 180ml,"'모든 모발용', '저자극', '염색'","28,000원",4.4,"3,343"
156,밀크바오밥 세라 샴푸 플로라부케 1200ml,"'모든 모발용', '일반샴푸', '세정력', '풍부한 거품', '향', '촉촉함(수분공급)', '모발영양'","11,820원",4.6,403
157,미쟝센 퍼펙트 세럼 슈퍼리치 샴푸 680ml,"'모든 모발용', '손상케어', '모발영양'","3,250원",4.8,"1,333"
158,미쟝센 살롱 플러스 클리닉 10 손상모발용 샴푸 500ml,"'손상 모발용', '모든 모발용', '일반샴푸', '머릿결개선', '풍부한 거품', '촉촉함(수분공급)', '약산성', '손상케어', '모발영양'","7,030원",4.7,"2,940"
159,비어랩 독일 맥주효모 샴푸 490ml,"'모든 모발용', '탈모샴푸', '세정력', '풍부한 거품', '모발영양'","14,980원",4.7,"2,904"
160,밀크바오밥 세라 샴푸 베이비 파우더 1200ml,"'모든 모발용', '산성샴푸', '머릿결개선', '향', '촉촉함(수분공급)', '각질케어', '약산성', '모발영양'","11,960원",4.7,"1,138"
161,케라시스 프로폴리스 에너지 플러스 샴푸 1000ml,"'지성', '건성', '민감성', '가는 모발용', '염색 모발용', '웨이브 모발용', '손상 모발용', '모든 모발용', '일반샴푸', '두피샴푸', '퍼퓸샴푸', '머릿결개선', '세정력', '풍부한 거품', '향', '상쾌함', '촉촉함(수분공급)', '유분제거', '청량감', '파라벤 프리', '약산성', '볼륨효과', '손상케어', '모발영양'","4,890원",4.7,842
162,프레시팝 만다린 유자 비듬케어 샴푸 500ml,"'모든 모발용', '비듬샴푸', '비듬케어'","4,810원",4.7,"3,851"
163,아모스 베이직 딥 클린 밸런싱 샴푸 1000ml,"'모든 모발용', '일반샴푸', '촉촉함(수분공급)'","8,830원",4.7,"1,589"
164,셀럽바이재클린 리바이탈라이징 샴푸 4종 세트,"'일반샴푸', '세정력', '향', '상쾌함', '각질케어', '파라벤 프리', '실리콘 프리', '약산성', '모발영양'","38,990원",4.8,"1,976"
165,마녀공장 허브그린 샴푸 1000ml,"'모든 모발용', '일반샴푸', '세정력', '풍부한 거품', '향', '상쾌함', '저자극', '촉촉함(수분공급)', '약산성', '모발영양'","16,400원",4.7,930
166,젠시 내추럴 샴푸 330ml,"'모든 모발용', '천연샴푸', '세정력', '풍부한 거품', '실리콘 프리', '약산성'","33,000원",4.8,"2,766"
167,록시땅 퓨리파잉 프레쉬니스 샴푸 500ml,"'모든 모발용', '일반샴푸', '세정력', '풍부한 거품', '촉촉함(수분공급)', '모발영양'","31,600원",4.9,514
168,닥터그루트 비듬 각질케어 샴푸 400ml,"'모든 모발용', '세정력', '각질케어', '비듬케어'","16,360원",4.8,"1,258"
169,아베다 인바티 어드밴스드 엑스폴리에이팅 샴푸 200ml,"'모든 모발용', '일반샴푸', '머릿결개선', '세정력', '각질케어', '모발영양'","25,270원",4.8,"1,050"
170,댄트롤 프레쉬 애플 샴푸 820ml,"'비듬샴푸', '두피샴푸', '촉촉함(수분공급)', '상쾌함', '지성'","3,590원",4.7,"2,420"
171,아베다 체리 아몬드 소프트닝 샴푸 1000ml,"'모든 모발용', '일반샴푸', '머릿결개선', '향', '촉촉함(수분공급)', '파라벤 프리', '실리콘 프리', '모발영양'","50,290원",4.8,479
172,비욘드 프로페셔널 디펜스 샴푸 450ml,"'모든 모발용', '두피샴푸', '세정력', '상쾌함', '촉촉함(수분공급)', '청량감', '모발영양'","14,540원",4.8,"1,433"
173,프리메라 그린티 바이옴 스칼프 쿨링 샴푸 380ml,"'일반샴푸', '세정력', '풍부한 거품', '향', '상쾌함', '청량감', '계면활성제 프리', '파라벤 프리', '실리콘 프리', '모발영양'","18,480원",4.8,247
174,라로슈포제 키리움 샴푸 200ml,"'가는 모발용', '머릿결개선', '일반샴푸'","23,880원",4.7,"2,249"
175,미쟝센 살롱 플러스 클리닉 10 극손상 모발용 샴푸 990ml,"'손상 모발용', '모든 모발용', '일반샴푸', '머릿결개선', '세정력', '풍부한 거품', '향', '촉촉함(수분공급)', '약산성', '손상케어', '모발영양'","14,990원",4.8,491
176,케라시스 엑스트라 데미지케어 샴푸 2000g(리필),"'일반샴푸', '머릿결개선', '세정력', '향'","5,020원",4.7,694
177,에리제론 올인원 비건 샴푸바 핑크클레이 120g,"'모든 모발용', '천연샴푸', '두피샴푸', '샴푸바', '세정력', '풍부한 거품', '저자극', '촉촉함(수분공급)', '유분제거', '계면활성제 프리', '파라벤 프리', '실리콘 프리', '약산성'","19,100원",4.6,274
178,미엘 프로페셔널 스캘프 샴푸 800ml,"'모든 모발용', '일반샴푸', '세정력'","33,000원",4.8,176
179,아베다 로즈메리 민트 퓨리파잉 샴푸 250ml,"'가는 모발용', '모든 모발용', '세정력', '상쾌함', '청량감', '볼륨효과'","19,210원",4.8,795
180,레삐 내추럴 퓨어 샴푸 1000ml,"'모든 모발용', '일반샴푸', '머릿결개선', '세정력', '풍부한 거품', '향', '저자극', '파라벤 프리', '실리콘 프리', '약산성', '손상케어', '모발영양'","50,000원",4.8,"1,098"
181,알페신 플란투어39 파이토 카페인 샴푸 250ml,"'가는 모발용', '일반샴푸', '두피샴푸'","9,530원",4.7,"1,189"
182,청춘두피 청소년 두피 쿨링 샴푸 500ml,"'모든 모발용', '일반샴푸', '풍부한 거품', '향', '저자극', '트러블케어', '유분제거', '청량감'","13,900원",4.7,181
183,로레알파리 헤어 스파 딥 너리싱 샴푸 1500ml,"'손상 모발용', '일반샴푸', '촉촉함(수분공급)'","13,060원",4.8,895
184,서울화장품 LPP 클리닉 앤 칼라 산성 샴푸 1000ml,"'모든 모발용', '비듬샴푸', '산성샴푸', '비듬케어'","3,900원",4.7,"2,010"
185,노비드 아유르베다 쿨멘솔 샴푸 700ml,"'지성', '모든 모발용', '일반샴푸', '비듬샴푸', '두피샴푸', '세정력', '상쾌함', '촉촉함(수분공급)', '청량감', '비듬케어'","2,670원",4.7,780
186,닥터그루트 마이크로바이옴 캡슐 샴푸 180ml,"'모든 모발용', '일반샴푸', '머릿결개선', '세정력', '풍부한 거품', '향', '저자극', '유분제거', '손상케어', '모발영양'","5,940원",4.6,350
187,클로란 퀴닌 비타민 B 샴푸 400ml,"'모든 모발용', '머릿결개선', '손상 모발용'","9,040원",4.6,347
188,에스테티카 실크 클리어링 샴푸 1500ml,"'모든 모발용', '일반샴푸', '머릿결개선', '세정력', '저자극', '촉촉함(수분공급)', '손상케어', '모발영양'","6,950원",4.7,"1,224"
189,미쟝센 헤어 테라피 샤이닝 모이스처 샴푸 2000ml(리필)," '건성', '촉촉함(수분공급)', '모발영양'","4,840원",4.7,293
190,알페신 카페인 샴푸 C1 250ml,"'모든 모발용', '일반샴푸', '머릿결개선', '상쾌함', '촉촉함(수분공급)'","5,750원",4.7,"4,284"
191,애터미 앱솔루트 샴푸 500ml,"'모든 모발용', '한방샴푸', '모발영양'","13,190원",4.7,655
192,로레알프로페셔널 실버 애쉬 샴푸 300ml,"'모든 모발용', '모발영양', '향'","20,800원",4.6,925
193,케라시스 스위트 앤 플라워리 퍼퓸 샴푸 1000ml,"'모든 모발용', '일반샴푸', '향'","4,090원",4.7,"1,237"
194,팬틴 PRO-V  엑스트라 볼륨 샴푸 500ml,"'모든 모발용', '촉촉함(수분공급)', '볼륨효과'","3,880원",4.6,224
195,바론 모링가 리페어링 샴푸 1000ml,"'건성', '손상 모발용', '모든 모발용', '일반샴푸', '비듬샴푸', '머릿결개선', '세정력', '풍부한 거품', '상쾌함', '저자극', '촉촉함(수분공급)', '각질케어', '유분제거', '계면활성제 프리', '파라벤 프리', '실리콘 프리', '비듬케어', '약산성', '볼륨효과', '손상케어', '모발영양'","13,120원",4.7,"5,160"
196,프레시팝 제주 녹차 우려낸 샴푸 지성 두피용 700ml,"'지성', '일반샴푸', '향', '촉촉함(수분공급)', '파라벤 프리', '실리콘 프리'","6,670원",4.8,412
197,훼밀리 클렌징 샴푸 1000ml,"'건성', '염색 모발용', '모든 모발용', '두피샴푸', '촉촉함(수분공급)'","8,120원",4.6,"1,955"
198,시세이도프로페셔널 서브리믹 아쿠아 인텐시브 손상 모발용 샴푸 450ml(리필),"'손상 모발용', '일반샴푸', '머릿결개선', '세정력', '향', '촉촉함(수분공급)', '모발영양'","31,680원",4.8,110
199,엘라스틴 토탈 리페어 샴푸 마카다미아 콜라겐 1800ml,"'모든 모발용', '일반샴푸', '세정력', '향', '촉촉함(수분공급)', '손상케어', '모발영양'","6,690원",5.0,"1,645"
200,박준 애씨드 산성 샴푸 1500ml,"'지성', '건성', '민감성', '건선/피부염성', '가는 모발용', '염색 모발용', '웨이브 모발용', '손상 모발용', '모든 모발용', '일반샴푸', '산성샴푸', '두피샴푸', '머릿결개선', '세정력', '풍부한 거품', '향', '상쾌함', '저자극', '촉촉함(수분공급)', '트러블케어', '각질케어', '유분제거', '청량감', '파라벤 프리', '비듬케어', '약산성', '볼륨효과', '손상케어', '모발영양'","16,900원",4.7,"1,401"
201,메르센보떼 컬러 체인지 염색샴푸 150ml,"'모든 모발용', '일반샴푸', '세정력', '저자극', '촉촉함(수분공급)', '파라벤 프리', '볼륨효과'","16,220원",4.0,12
202,홈로즈 맥주 효모 샴푸 300ml,"'모든 모발용', '일반샴푸', '두피샴푸', '머릿결개선', '촉촉함(수분공급)', '모발영양'","11,096원",4.6,"8,798"
203,도브 너리싱 오일 케어 샴푸 680ml,"'모든 모발용', '일반샴푸', '머릿결개선', '세정력', '풍부한 거품', '촉촉함(수분공급)', '모발영양'","3,390원",4.7,504
204,비욘드 힐링포스 스캘프 클리닉 샴푸 600ml,"'모든 모발용', '일반샴푸', '두피샴푸'","21,500원",4.7,"1,092"
205,라노아 내추럴 스칼프 테라피 샴푸 500ml,"'모든 모발용', '탈모샴푸', '비듬샴푸', '머릿결개선', '풍부한 거품', '저자극', '트러블케어', '비듬케어', '약산성', '손상케어', '모발영양'","26,100원",4.4,"1,912"
206,살림백서 오푼티아 앤 밤부 샴푸 유칼립투스향 1000ml,"'모든 모발용', '일반샴푸', '세정력', '풍부한 거품', '향', '저자극', '촉촉함(수분공급)', '각질케어', '유분제거', '파라벤 프리', '실리콘 프리', '약산성', '볼륨효과', '모발영양'","13,900원",4.8,104
207,려 흑운 모근 영양 샴푸 400ml,"'모든 모발용', '볼륨효과', '모발영양'","3,760원",4.7,"2,098"
208,애터미 한방 샴푸 500ml,"'일반샴푸', '세정력', '모발영양',약산성'","8,990원",4.7,703
209,로레알파리 헤어스파 DX 샴푸 1500ml,"'두피샴푸', '세정력', '각질케어'","10,230원",4.8,586
210,닥터지 두피랩 스케일링 샴푸 500g,"'일반샴푸', '세정력', '향', '상쾌함', '저자극', '각질케어', '비듬케어', '약산성'","17,350원",4.7,127
211,라베나 헤어 리커버리 15 리바이탈 샴푸 500ml,"'모든 모발용', '탈모샴푸', '두피샴푸', '머릿결개선', '세정력', '풍부한 거품', '향', '촉촉함(수분공급)', '트러블케어', '각질케어', '유분제거', '약산성', '볼륨효과', '손상케어', '모발영양'","26,850원",4.4,"5,158"
212,미쟝센 퍼펙트 세럼 스타일링 샴푸 680ml,"'일반샴푸', '세정력', '머릿결개선'","3,100원",4.8,"1,103"
213,쿤달 허니 앤 마카다미아  네이처 샴푸 베이비파우더 1058ml,"'일반샴푸', '세정력', '풍부한 거품', '향', '저자극', '파라벤 프리'","14,970원",4.7,"2,033"
214,르네휘테르 트리파직 앰플 샴푸 600ml,"'모든 모발용', '세정력', '풍부한 거품', '약산성', '모발영양'","43,920원",4.7,969
215,키라니아 단백질 볼륨 샴푸 500ml,"'모든 모발용', '일반샴푸', '세정력'","5,770원",4.7,"2,128"
216,닥터아돌 메덴스 샴푸 250ml,"'모든 모발용', '비듬케어', '모발영양'","27,500원",4.6,"7,424"
217,뉴스킨 에포크 댄드프리 샴푸 250ml,"'모든 모발용', '비듬케어', '비듬샴푸'","15,370원",4.7,661
218,케라시스 체리 블라썸 퍼퓸 샴푸 1000ml,"'지성', '건성', '민감성', '가는 모발용', '염색 모발용', '웨이브 모발용', '손상 모발용', '모든 모발용', '일반샴푸', '퍼퓸샴푸', '머릿결개선', '세정력', '풍부한 거품', '향', '상쾌함', '촉촉함(수분공급)', '유분제거', '청량감', '파라벤 프리', '약산성', '볼륨효과', '손상케어', '모발영양'","6,490원",4.7,"3,338"
219,제이숲 딥 그린 제이 유근피 지성 복합성 두피용 샴푸바 100g,"'지성', '산성샴푸', '세정력', '풍부한 거품', '향', '저자극', '각질케어', '유분제거', '계면활성제 프리', '약산성'","7,890원",4.9,56
220,엘라스틴 데일리 모이스처 샴푸 1500ml,"'모든 모발용', '일반샴푸', '촉촉함(수분공급)', '모발영양'","5,990원",4.7,"2,367"
221,리엔 자윤 모근강화 중건성 샴푸 950ml,"'모든 모발용', '촉촉함(수분공급)', '손상케어'","6,090원",4.6,"1,350"
222,밀본 제밀 프란 다이아 샴푸 1000ml(리필),"'모든 모발용', '일반샴푸', '머릿결개선', '세정력', '풍부한 거품', '향', '저자극', '촉촉함(수분공급)', '계면활성제 프리', '모발영양'","31,800원",4.9,43
223,밀크바오밥 세라  피오니머스크  샴푸 1200ml,"'모든 모발용', '일반샴푸', '퍼퓸샴푸', '머릿결개선', '세정력', '풍부한 거품', '향', '저자극', '촉촉함(수분공급)', '유분제거', '약산성', '모발영양'","11,820원",4.9,112
224,스킨젠 에코글램 스칼프 클렌징 샴푸 가든플로럴 1000ml,"'모든 모발용', '촉촉함(수분공급)', '향', '약산성', '파라벤 프리', '실리콘 프리'","10,250원",4.7,"1,380"
225,프레시팝 유칼립투스 두피 딥 클렌징 샴푸 500ml,"'모든 모발용', '촉촉함(수분공급)', '두피샴푸'","4,950원",4.7,"2,701"
226,동구밭 올바른 쿨링용 샴푸바 100g,"'지성', '건성', '가는 모발용', '천연샴푸', '샴푸바', '상쾌함', '청량감', '계면활성제 프리', '파라벤 프리', '약산성'","8,550원",4.7,"4,239"
227,뉴스킨 에포크 아바 푸이 모니 샴푸 앤 라이트 컨디셔너 750ml,"'염색 모발용', '손상 모발용', '모든 모발용', '일반샴푸', '머릿결개선', '세정력', '풍부한 거품', '향', '저자극', '촉촉함(수분공급)', '비듬케어', '모발영양'","32,540원",4.8,516
228,닥터그루트 애딕트 자스민 샴푸 680ml,"'모든 모발용', '세정력', '풍부한 거품', '향', '촉촉함(수분공급)', '모발영양'","31,850원",4.6,906
229,더마힐 헤어 컨디셔닝 샴푸 릴렉스 플러스 500ml,"'일반샴푸', '세정력', '각질케어', '약산성', '모발영양'","55,000원",4.8,344
230,미쟝센 스칼프 케어 샴푸 680ml,"'두피샴푸', '촉촉함(수분공급)', '약산성'","2,890원",4.8,"2,968"
231,파놀라 노옐로우 보색샴푸 1000ml,"'염색 모발용', '향', '저자극'","22,400원",4.7,"1,884"
232,려 순한 두피 저자극 건성용 샴푸 400ml,"'건성', '두피샴푸', '촉촉함(수분공급)'","4,500원",4.7,"1,345"
233,네버세이굿바이 리얼 퍼포먼스 샴푸 300ml,"'모든 모발용', '비듬샴푸', '두피샴푸', '비듬케어'","38,000원",4.7,742
234,미쟝센 체리블라썸 퍼퓸 샴푸 1100ml,"'모든 모발용', '퍼퓸샴푸', '향'","4,630원",4.7,"1,757"
235,LOMA 너리싱 샴푸 355ml,"'손상 모발용', '천연샴푸', '머릿결개선', '풍부한 거품', '계면활성제 프리', '파라벤 프리', '모발영양'","26,000원",4.7,"1,367"
236,헤드스파7 노워시 샴푸 100ml,"'모든 모발용', '드라이샴푸', '세정력', '향', '상쾌함', '저자극', '촉촉함(수분공급)', '유분제거', '약산성', '볼륨효과'","9,440원",4.5,970
237,도브 스칼프 너리싱 샴푸 680ml,"'모든 모발용', '일반샴푸', '머릿결개선', '모발영양'","3,640원",4.7,662
238,엘라스틴 마린콜라겐 탱글볼륨 샴푸 680ml,"'모든 모발용', '볼륨효과', '머릿결개선'","4,090원",4.7,483
239,LOMA 모이스처라이징 샴푸 1L,"'건성', '천연샴푸', '머릿결개선', '촉촉함(수분공급)'","45,370원",4.8,884
240,더마힐 헤어 컨디셔닝 샴푸 플러스 500ml,"'모든 모발용', '일반샴푸', '세정력', '상쾌함', '각질케어', '약산성'","55,000원",4.8,582
241,미쟝센 스킨케어 퍼퓸 샴푸 튜베로즈앤자스민향 900ml,"'모든 모발용', '두피샴푸', '퍼퓸샴푸', '머릿결개선', '세정력', '풍부한 거품', '향', '상쾌함', '촉촉함(수분공급)', '청량감'","9,990원",4.9,395
242,아렌시아 고그린헤어 샴푸바 80g,"'비듬샴푸', '비듬케어', '파라벤 프리', '실리콘 프리'","10,990원",4.8,678
243,쿤달 티트리 앤 마카다미아 딥 클렌징 지성 샴푸 베이비 파우더 500ml,"'모든 모발용', '일반샴푸', '퍼퓸샴푸', '세정력', '향', '각질케어', '유분제거', '청량감'","8,010원",4.6,"1,622"
244,LUSH 대디오 샴푸 250g,"'건성', '염색 모발용', '일반샴푸'","35,340원",4.8,"1,177"
245,헤드앤숄더 울트라 쿨 멘솔 샴푸 1200ml,"'비듬샴푸', '세정력', '촉촉함(수분공급)', '비듬케어'","10,390원",4.7,464
246,라보에이치 프로바이오틱스 탈모증상완화 두피쿨링 샴푸 400ml,"'모든 모발용', '두피샴푸', '세정력', '풍부한 거품', '향', '상쾌함', '촉촉함(수분공급)', '유분제거', '실리콘 프리', '비듬케어', '약산성'","12,340원",4.6,"1,065"
247,달리프 클로렐라 베러루트 릴렉싱 샴푸 1000ml,"'모든 모발용', '일반샴푸', '세정력', '풍부한 거품', '향', '저자극', '각질케어', '유분제거', '약산성', '볼륨효과', '모발영양'","17,640원",4.7,686
248,뉴스킨 에이지락 뉴트리올 스칼프 앤 헤어 샴푸 200ml,"'모든 모발용', '일반샴푸', '세정력', '볼륨효과'","28,980원",4.7,404
249,아윤채 리프레싱 샴푸 500g,"'일반샴푸', '세정력', '상쾌함', '각질케어', '유분제거', '청량감', '비듬케어'","37,000원",4.8,417
250,댕기머리 뉴골드 샴푸 500ml,"'모든 모발용', '일반샴푸', '머릿결개선', '세정력', '향', '상쾌함', '청량감', '손상케어', '모발영양'","15,360원",4.8,907
251,브로앤팁스 알파비오틴 뿌리볼륨 샴푸 500ml,"'일반샴푸', '세정력', '향', '실리콘 프리', '약산성', '볼륨효과', '모발영양'","9,300원",4.8,"1,049"
252,클리어 드라이 스칼프 이치 컨트롤 샴푸 650ml,"'모든 모발용', '일반샴푸', '머릿결개선', '상쾌함'","4,290원",4.7,508
253,려 헤리티지 진저비타 샴푸 585ml,"'모든 모발용', '일반샴푸', '머릿결개선', '세정력', '풍부한 거품', '향', '촉촉함(수분공급)', '각질케어', '유분제거', '실리콘 프리', '비듬케어', '약산성', '모발영양'","12,600원",4.7,398
254,케라스타즈 방 제네시스 리치 건성 가는 모발용 샴푸 500ml,"'건성', '가는 모발용', '일반샴푸', '머릿결개선', '향', '볼륨효과', '모발영양'","55,000원",4.8,691
255,위드보스 브리즈 샴푸 300ml,"'모든 모발용', '일반샴푸', '촉촉함(수분공급)'","13,500원",4.7,473
256,오가니스트 히말라야 핑크솔트 담은샴푸 500ml,"'모든 모발용', '촉촉함(수분공급)', '파라벤 프리', '실리콘 프리'","5,340원",4.7,860
257,어헤즈 스파 쿨링 샴푸 250ml,"'모든 모발용', '일반샴푸', '비듬샴푸', '두피샴푸', '세정력', '각질케어', '계면활성제 프리', '파라벤 프리', '실리콘 프리', '약산성'","11,250원",4.4,"5,991"
258,암웨이 새티니크 스무드 모이스처 샴푸 750ml,"'모든 모발용', '촉촉함(수분공급)', '모발영양'","22,480원",4.8,476
259,메디올 두피청정샴푸 800ml,"'지성', '건성', '민감성', '탈모샴푸', '비듬샴푸', '두피샴푸', '머릿결개선', '세정력', '풍부한 거품', '각질케어', '유분제거', '청량감', '비듬케어', '약산성'","38,260원",4.8,233
260,리엔 닥터그루트 애딕트 샴푸 블랑쉬 머스크 680ml,"'탈모샴푸', '비듬샴푸', '머릿결개선', '세정력', '풍부한 거품', '향', '상쾌함', '트러블케어', '각질케어', '유분제거', '계면활성제 프리', '파라벤 프리', '실리콘 프리', '비듬케어', '볼륨효과'","31,690원",4.7,155
261,알페신 더블 이펙트 샴푸 200ml,"'모든 모발용', '비듬샴푸', '비듬케어'","8,280원",4.7,"1,099"
262,닥터그루트 애딕트 튜베로즈 블룸 샴푸 680ml,"'모든 모발용', '일반샴푸', '향', '유분제거', '비듬케어'","22,000원",4.8,21
263,케라시스 두피 프레쉬 쿨 샴푸 750ml,"'지성', '건성', '민감성', '가는 모발용', '염색 모발용', '웨이브 모발용', '손상 모발용', '모든 모발용', '일반샴푸', '두피샴푸', '퍼퓸샴푸', '머릿결개선', '세정력', '풍부한 거품', '향', '상쾌함', '촉촉함(수분공급)', '유분제거', '청량감', '파라벤 프리', '비듬케어', '약산성', '볼륨효과', '손상케어', '모발영양'","2,880원",4.7,861
264,멜라루카 허벌 샴푸 946ml,"'모든 모발용', '머릿결개선', '세정력', '촉촉함(수분공급)', '모발영양'","23,600원",4.7,430
265,ATS 리페어 스파 샴푸 1000ml,"'모든 모발용', '일반샴푸', '비듬샴푸', '산성샴푸', '머릿결개선', '세정력', '풍부한 거품', '상쾌함', '촉촉함(수분공급)', '청량감', '손상케어', '모발영양'","29,480원",4.8,123
266,알페신 카페인 샴푸 하이브리드 250ml,"'모든 모발용', '민감성', '촉촉함(수분공급)'","7,080원",4.7,"1,608"
267,츠바키 프리미엄 모이스트 샴푸 490ml,"'모든 모발용', '일반샴푸', '머릿결개선', '향', '촉촉함(수분공급)'","10,640원",4.8,318
268,비욘드 딥클린 쿨링 샴푸 450ml,"'모든 모발용', '일반샴푸', '비듬케어'","11,850원",4.7,611
269,케라시스 내추럴 레시피 코코넛 오일 샴푸 1000ml,"'지성', '건성', '민감성', '가는 모발용', '염색 모발용', '웨이브 모발용', '손상 모발용', '모든 모발용', '일반샴푸', '퍼퓸샴푸', '머릿결개선', '세정력', '풍부한 거품', '향', '상쾌함', '촉촉함(수분공급)', '유분제거', '청량감', '파라벤 프리', '약산성', '볼륨효과', '손상케어', '모발영양'","8,790원",4.7,136
270,오타닉 딥 클린 샴푸 330ml,"'일반샴푸', '세정력', '풍부한 거품', '촉촉함(수분공급)', '각질케어', '유분제거', '청량감', '파라벤 프리', '약산성'","18,500원",4.9,733
271,박준 컬러 보색 씨씨크림 샴푸 300ml,"'염색 모발용', '손상 모발용', '모든 모발용', '일반샴푸', '산성샴푸', '머릿결개선', '세정력', '풍부한 거품', '향', '상쾌함', '저자극', '촉촉함(수분공급)', '실리콘 프리', '약산성', '손상케어', '모발영양'","12,900원",4.4,215
272,헤어플러스 단백질 본드 샴푸 건성 손상 모발용 50ml,"'건성', '손상 모발용', '일반샴푸', '머릿결개선', '풍부한 거품', '저자극', '촉촉함(수분공급)', '파라벤 프리', '약산성', '손상케어', '모발영양'",410원,4.7,101
273,미쟝센 퍼펙트 세럼 미셀라 샴푸 680ml,"'두피샴푸', '세정력', '상쾌함'","3,250원",4.7,941
274,닥터그루트 손상모발용 샴푸 400ml,"'모든 모발용', '머릿결개선', '계면활성제 프리', '파라벤 프리', '실리콘 프리', '모발영양'","13,690원",4.7,289
275,앙방 퍼퓸 헤어케어 샴푸 메리미달링 1000ml,"'지성', '건성', '민감성', '일반샴푸', '천연샴푸', '비듬샴푸', '산성샴푸', '두피샴푸', '퍼퓸샴푸', '머릿결개선', '세정력', '풍부한 거품', '향', '저자극', '촉촉함(수분공급)', '각질케어', '실리콘 프리', '약산성', '손상케어'","17,900원",4.7,335
276,댕기머리 들애 수 샴푸 500ml,"'한방샴푸', '세정력', '향', '상쾌함', '저자극', '촉촉함(수분공급)', '각질케어', '모발영양'","15,030원",4.7,"1,801"
277,닥터그루트 애딕트 페어프리지아 샴푸 680ml,"'모든 모발용', '머릿결개선', '세정력', '풍부한 거품', '향', '트러블케어', '유분제거', '볼륨효과', '모발영양'","30,500원",4.7,165
278,로레알파리 드림랭스 샴푸 450ml,"'일반샴푸', '머릿결개선', '세정력', '풍부한 거품', '향', '촉촉함(수분공급)', '각질케어', '손상케어', '모발영양'","9,430원",4.8,203
279,트리트룸 시그니처 샴푸 화이트머스크 1077ml,"'모든 모발용', '일반샴푸', '세정력', '풍부한 거품', '향', '촉촉함(수분공급)', '유분제거', '파라벤 프리', '비듬케어', '약산성', '모발영양'","9,810원",4.3,"1,268"
280,안달로우 아르간 스템셀 에이지 디파잉 샴푸 340ml,"'모든 모발용', '건성', '파라벤 프리'","13,200원",4.6,"1,534"
281,케라시스 러블리 앤 로맨틱 퍼퓸 샴푸 980ml,"'모든 모발용', '일반샴푸', '머릿결개선', '세정력', '풍부한 거품', '향', '저자극', '촉촉함(수분공급)', '청량감', '모발영양'","4,900원",4.7,89
282,아로마티카 로즈마리 스칼프 스케일링 샴푸 1000ml,"'모든 모발용', '일반샴푸', '세정력', '촉촉함(수분공급)', '각질케어', '계면활성제 프리', '실리콘 프리', '모발영양'","23,370원",4.7,356
283,웰라프로페셔널 SP 클리어 스캘프 샴푸 1000ml,"'지성', '비듬샴푸', '비듬케어'","24,980원",4.7,258
284,아윤채 리밸런싱 샴푸 모이스트 500g,"'일반샴푸', '세정력', '향', '상쾌함', '촉촉함(수분공급)', '각질케어', '실리콘 프리'","39,900원",4.8,537
285,밀크바오밥 세라 샴푸 화이트 솝 1200ml,"'손상 모발용', '모든 모발용', '일반샴푸', '머릿결개선', '세정력', '풍부한 거품', '향', '촉촉함(수분공급)', '손상케어', '모발영양'","11,960원",4.7,886
286,암웨이 새티니크 안티 댄드러프 샴푸 750ml,"'모든 모발용', '두피샴푸', '세정력', '상쾌함', '촉촉함(수분공급)', '비듬케어'","27,660원",4.7,524
287,꽃을든남자 하수오 한방 샴푸 1000ml,"'민감성', '손상 모발용', '한방샴푸', '비듬케어'","6,020원",4.7,109
288,미쟝센 화이트 머스크 퍼퓸 샴푸 1100ml,"'퍼퓸샴푸', '향', '머릿결개선'","4,750원",4.8,"1,301"
289,려 함빛 극손상 케어 샴푸 500g,"'손상 모발용', '한방샴푸', '손상케어'","4,990원",4.8,997
290,달리프 갈락토미세스 베러 퍼퓸 샴푸 일랑로즈 1000ml,"'모든 모발용', '약산성', '실리콘 프리', '파라벤 프리'","11,610원",4.7,"5,339"
291,웰라프로페셔널 엘리먼츠 리뉴잉 샴푸 1000ml,"'모든 모발용', '일반샴푸', '세정력', '풍부한 거품', '향', '저자극', '촉촉함(수분공급)', '계면활성제 프리', '파라벤 프리', '손상케어', '모발영양'","39,200원",4.8,102
292,헤드앤숄더 클리니컬 스트렝스 비듬 지성 샴푸 700ml,"'지성', '모든 모발용', '비듬샴푸', '두피샴푸', '세정력', '상쾌함', '저자극', '각질케어', '청량감', '비듬케어', '손상케어'","15,800원",4.7,327
293,라보에이치 페어 앤 프리지아 샴푸 400ml,"'모든 모발용', '일반샴푸', '향', '각질케어', '계면활성제 프리', '실리콘 프리'","15,960원",4.8,59
294,RAUSCH 씨위드 디그리징 샴푸 200ml,"'지성', '일반샴푸', '세정력'","18,500원",4.8,957
295,댕기머리 내추럴온 티트리 쿨샴푸 1000ml,"'지성', '모든 모발용', '탈모샴푸', '두피샴푸', '한방샴푸', '머릿결개선', '세정력', '풍부한 거품', '촉촉함(수분공급)', '모발영양'","10,030원",4.6,469
296,자브 파워 플러스 쿨 샴푸 1000ml,"'일반샴푸', '비듬케어', '상쾌함'","4,190원",4.7,498
297,리즈케이 알블랙 샴푸 450ml,"'모든 모발용', '일반샴푸', '세정력', '저자극'","19,010원",4.5,466
298,애시드 샴푸 1000ml,"'산성샴푸', '비듬샴푸', '실리콘 프리', '탈모샴푸'","5,040원",4.7,780
299,밀크바오밥 샴푸 화이트머스크 1000ml,"'모든 모발용', '촉촉함(수분공급)', '약산성'","11,800원",4.7,536
300,프레시팝 두피 클렌징 모히또 샴푸 1100ml,"'모든 모발용', '일반샴푸', '세정력', '풍부한 거품', '향', '상쾌함', '약산성', '모발영양'","8,170원",4.8,139
301,플랑플랑 익스트라 에너자이징 샴푸 1500ml,"'지성', '건성', '세정력', '향', '저자극', '촉촉함(수분공급)', '손상케어'","20,240원",4.9,131
302,엘라스틴 실크리페어 베이비파우더향 샴푸 550ml,"'모든 모발용', '머릿결개선', '향', '촉촉함(수분공급)', '손상케어', '모발영양'","3,600원",4.8,"1,147"
303,제이숲 실크케라틴 샴푸 1000ml,"'염색 모발용', '손상 모발용', '모든 모발용', '일반샴푸', '퍼퓸샴푸', '머릿결개선', '세정력', '풍부한 거품', '촉촉함(수분공급)', '약산성', '볼륨효과', '손상케어', '모발영양'","22,240원",4.7,730
304,비욘드 딥 모이스처 샴푸 450ml,"'모든 모발용', '일반샴푸', '세정력', '향', '촉촉함(수분공급)', '실리콘 프리', '약산성', '모발영양'","12,810원",4.7,411
305,밀도랩 에센풀 헤어 샴푸 310ml,"'모든 모발용', '일반샴푸', '머릿결개선', '세정력', '풍부한 거품', '향', '약산성'","35,000원",4.2,"2,296"
306,에퓨놀 바이옴 샴푸 500ml,"'민감성', '손상 모발용', '모든 모발용', '탈모샴푸', '비듬샴푸', '두피샴푸', '세정력', '풍부한 거품', '트러블케어', '유분제거', '비듬케어', '약산성', '볼륨효과'","91,900원",4.6,134
307,닥터바이오 랩업 샴푸 750ml,"'모든 모발용', '두피샴푸', '머릿결개선', '향', '트러블케어', '약산성', '손상케어'","20,200원",4.6,636
308,프레시팝 제주녹차 우려낸 샴푸 민감성 두피용 700ml,"'민감성', '일반샴푸', '향', '촉촉함(수분공급)', '파라벤 프리', '실리콘 프리'","6,690원",4.7,496
309,미쟝센 살롱 플러스 클리닉 10 극손상모발용 샴푸 500ml,"'손상 모발용', '모든 모발용', '일반샴푸', '머릿결개선', '풍부한 거품', '약산성', '손상케어', '모발영양'","7,040원",4.8,610
310,클로란 피오니 샴푸 400ml,"'모든 모발용', '민감성', '촉촉함(수분공급)', '저자극'","11,290원",4.7,621
311,하이앙포레 프리미엄 샴푸 600g,"'일반샴푸', '세정력', '저자극', '촉촉함(수분공급)', '약산성'","28,000원",4.7,280
312,부케가르니 나드 딥클렌징 두피샴푸 1000ml,"'지성', '민감성', '가는 모발용', '모든 모발용', '두피샴푸', '머릿결개선', '세정력', '풍부한 거품', '상쾌함', '촉촉함(수분공급)', '트러블케어', '각질케어', '유분제거', '비듬케어', '손상케어'","12,900원",4.6,"2,037"
313,하나로 플러스 비듬 두피 케어 샴푸 680g,"'일반샴푸', '비듬샴푸', '비듬케어'","2,550원",4.6,844
314,퍼펙트퓨젼 PH5.0 클렌징 샴푸 1000ml,"'일반샴푸', '약산성', '세정력'","4,460원",4.8,717
315,엘라스틴 피토케라틴 모이스처 샴푸 680ml,"'모든 모발용', '일반샴푸', '촉촉함(수분공급)'","3,400원",4.7,968
316,더바디샵 진저 스캘프 케어 샴푸 250ml,"'모든 모발용', '건성', '비듬케어'","12,960원",4.7,421
317,헤드앤숄더 쿨 멘솔 샴푸 1200ml,"'모든 모발용', '머릿결개선', '풍부한 거품', '향', '상쾌함', '촉촉함(수분공급)', '트러블케어', '비듬케어'","9,470원",4.6,451
318,어네이즈 컬러 토닝 샴푸 실버 그레이 290ml,"'모든 모발용', '일반샴푸', '손상케어', '모발영양'","25,000원",4.7,"3,650"
319,수앤 168 단백질 샴푸 530ml,"'모든 모발용', '일반샴푸', '머릿결개선', '세정력', '풍부한 거품', '향', '저자극', '촉촉함(수분공급)', '유분제거', '계면활성제 프리', '파라벤 프리', '실리콘 프리', '약산성', '볼륨효과', '손상케어', '모발영양'","19,520원",4.4,16
320,미쟝센 살롱 플러스 클리닉 10 건조모발용 샴푸 500ml,"'건성', '모든 모발용', '일반샴푸', '머릿결개선', '풍부한 거품', '촉촉함(수분공급)', '약산성', '손상케어', '모발영양'","9,930원",4.7,307
321,아로마티카 티트리 퓨리파잉 지성 두피용 샴푸 1000ml,"'지성', '일반샴푸', '풍부한 거품', '상쾌함', '유분제거', '계면활성제 프리', '실리콘 프리'","22,550원",4.8,70
322,에스테티카 데미지 케어 샴푸 염색 웨이브 모발용 1000ml,"'염색 모발용', '웨이브 모발용', '일반샴푸', '머릿결개선', '약산성', '손상케어'","8,520원",4.7,500
323,도브 데일리 샤인 샴푸 680ml,"'모든 모발용', '일반샴푸', '머릿결개선', '촉촉함(수분공급)', '손상케어', '모발영양'","3,590원",4.7,555
324,엘라스틴 모이스처라이징 샴푸 2100ml(리필),"'모든 모발용', '일반샴푸', '촉촉함(수분공급)'","6,430원",4.7,533
325,빅그린 23 센시티브 스칼프 샴푸 1000ml,"'민감성', '모든 모발용', '풍부한 거품', '향', '저자극', '촉촉함(수분공급)', '각질케어', '약산성', '모발영양'","22,000원",4.6,838
326,엘라스틴 프로폴리테라 안티에이징 건조하고 손상된 모발용 샴푸 500ml,"'손상 모발용', '모든 모발용', '일반샴푸', '머릿결개선', '세정력', '모발영양'","10,280원",4.8,213
327,쿤달 쿨 앤 클리어 스칼프 리프레싱 쿨 샴푸 아쿠아민트 1058ml,"'모든 모발용', '일반샴푸', '세정력', '풍부한 거품', '향', '상쾌함', '저자극', '청량감', '파라벤 프리', '약산성'","15,900원",4.7,"1,428"
328,메다비타 뜨레딴테 안티카두타 두피 강화 샴푸 250ml,"'모든 모발용', '탈모샴푸', '두피샴푸', '세정력', '풍부한 거품', '모발영양'","20,000원",4.7,277
329,판토모나 안티헤어로스 지성용 샴푸 500ml,"'지성', '세정력', '모발영양'","13,180원",4.6,"1,133"
330,클로란 아쿠아민트 딥클렌징 샴푸 400ml,"'모든 모발용', '일반샴푸', '머릿결개선', '세정력', '풍부한 거품', '향', '상쾌함', '저자극', '촉촉함(수분공급)', '청량감'","13,050원",4.8,342
331,헤드앤숄더 실키클린 샴푸 850ml,"'머릿결개선', '세정력', '촉촉함(수분공급)', '비듬케어'","6,990원",4.7,719
332,미쟝센 스무스 앤 실키 모이스처 샴푸 780ml,"'모든 모발용', '건성', '촉촉함(수분공급)'","3,300원",4.7,"1,178"
333,소망화장품 엠세라드 NMF 애시드 샴푸 1000ml,"'염색 모발용', '웨이브 모발용', '모든 모발용', '산성샴푸', '촉촉함(수분공급)'","5,250원",4.7,621
334,려 생발효 인삼 샴푸 400ml,"'모든 모발용', '일반샴푸', '두피샴푸', '머릿결개선', '세정력', '촉촉함(수분공급)', '각질케어', '모발영양'","20,190원",4.8,333
335,슈바츠코프 굿바이 옐로우 샴푸 300ml,"'모든 모발용', '일반샴푸', '세정력', '풍부한 거품', '저자극', '약산성'","10,900원",4.7,264
336,아모스 칼라 포스 프로텍티브 샴푸 500ml,"'모발보호', '약산성', '세정력'","9,120원",4.7,738
337,쿤달 허니 앤 마카다미아 네이처 샴푸 화이트머스크 500ml,"'일반샴푸', '세정력', '풍부한 거품', '향', '저자극', '파라벤 프리', '볼륨효과', '손상케어', '모발영양'","7,950원",4.6,885
338,미쟝센 에이징 케어 콜라겐 샴푸 680ml,"'모든 모발용', '세정력', '풍부한 거품'","3,050원",4.8,"1,619"
339,리엔 자윤 서향 샴푸 950ml,"'모든 모발용', '향', '머릿결개선'","6,870원",4.7,286
340,야매주부 이브 비건 샴푸 500ml,"'모든 모발용', '일반샴푸', '세정력', '풍부한 거품', '향', '상쾌함', '저자극', '계면활성제 프리', '파라벤 프리', '실리콘 프리', '약산성'","29,000원",4.7,"1,001"
341,비욘드 프로페셔널 디펜스 샴푸 썸머브리즈 에디션 1000ml,"'모든 모발용', '일반샴푸', '세정력', '향', '상쾌함', '모발영양'","36,000원",4.8,"2,661"
342,무백 자몽 워터 샴푸 500ml,"'모든 모발용', '일반샴푸', '머릿결개선', '세정력', '풍부한 거품', '향', '저자극', '촉촉함(수분공급)', '약산성', '손상케어', '모발영양'","16,200원",4.8,859
343,쿤달 허니 앤 마카다미아 네이처 샴푸 화이트 머스크 1058ml,"'모든 모발용', '일반샴푸', '머릿결개선', '세정력', '풍부한 거품', '향', '저자극', '촉촉함(수분공급)', '파라벤 프리', '약산성', '손상케어', '모발영양'","15,900원",4.8,933
344,꽃을든남자 레드플로 동백 헤어 샴푸 750ml,"'모든 모발용', '일반샴푸', '촉촉함(수분공급)', '손상케어'","4,400원",4.8,174
345,닥터포헤어 세범 컨트롤 지성 샴푸 500ml,"'지성', '건성', '민감성', '모든 모발용', '일반샴푸', '비듬샴푸', '산성샴푸', '두피샴푸', '세정력', '풍부한 거품', '향', '상쾌함', '저자극', '촉촉함(수분공급)', '트러블케어', '유분제거', '청량감', '계면활성제 프리', '파라벤 프리', '실리콘 프리', '약산성', '모발영양'","19,800원",4.7,"1,876"
346,바론 모링가 리프레쉬 샴푸 1000g,"'지성', '모든 모발용', '일반샴푸', '비듬샴푸', '두피샴푸', '머릿결개선', '세정력', '풍부한 거품', '상쾌함', '저자극', '촉촉함(수분공급)', '트러블케어', '각질케어', '유분제거', '청량감', '계면활성제 프리', '파라벤 프리', '실리콘 프리', '비듬케어', '약산성', '모발영양'","13,190원",4.7,"1,145"
347,아도르 안티 옐로우 보색 샴푸 300ml,"'염색 모발용', '산성샴푸', '모발영양'","15,160원",4.5,"1,489"
348,케라시스 엘레강스 앰버 퍼퓸 샴푸 600ml,"'모든 모발용', '촉촉함(수분공급)', '향'","2,920원",4.7,659
349,마뉴팍투라 맥주 샴푸 300ml,"'일반샴푸', '비듬샴푸', '세정력'","12,000원",4.7,"1,864"
350,마키사키 아사이 데일리 샴푸 1000ml,"'모든 모발용', '촉촉함(수분공급)'","12,000원",4.7,880
351,세바메드 안티 댄드러프 샴푸 1000ml,"'지성', '모든 모발용', '일반샴푸', '비듬샴푸', '세정력', '풍부한 거품', '저자극', '각질케어', '비듬케어'","25,600원",4.9,258
352,마잘 아이언 샴푸 500g,"'모든 모발용', '일반샴푸', '향', '저자극', '촉촉함(수분공급)', '트러블케어', '모발영양'","38,000원",4.8,529
353,르네휘테르 토뉘시아 샴푸 200ml,"'모든 모발용', '일반샴푸', '향', '촉촉함(수분공급)', '모발영양'","13,980원",4.8,97
354,발머스 M 샴푸 300ml,"'모든 모발용', '저자극', '촉촉함(수분공급)'","28,000원",4.8,967
355,엘라스틴 아보카도 허니 단백질 샴푸 1350ml,"'모든 모발용', '손상케어', '촉촉함(수분공급)'","5,300원",5.0,"2,465"
356,마녀공장 바닐라 부티크 허그 퍼퓸 샴푸 500ml,"'모든 모발용', '일반샴푸', '세정력', '향', '촉촉함(수분공급)', '모발영양'","10,590원",4.6,823
357,박준 프로틴 LPP 샴푸 1000ml,"'모든 모발용', '일반샴푸', '머릿결개선', '세정력', '향', '저자극', '촉촉함(수분공급)', '계면활성제 프리', '파라벤 프리', '실리콘 프리', '약산성', '손상케어', '모발영양'","15,970원",4.6,"1,207"
358,오가니스트 내추럴 체리블라썸 수분 샴푸 200ml,"'모든 모발용', '촉촉함(수분공급)', '파라벤 프리', '실리콘 프리'","1,490원",4.7,528
359,아모스 녹차실감 중건성 샴푸액 500g,"'탈모샴푸', '건성', '촉촉함(수분공급)'","13,300원",4.8,513
360,츠바키 프리미엄 리페어 샴푸 490ml,"'모든 모발용', '일반샴푸', '세정력', '향', '저자극', '손상케어'","10,640원",4.8,376
361,엘라스틴 마스터 블렌드 미셀라 클렌징 샴푸 770ml,"'일반샴푸', '세정력', '향', '상쾌함', '촉촉함(수분공급)', '각질케어', '유분제거', '청량감', '계면활성제 프리', '파라벤 프리', '실리콘 프리', '손상케어'","8,070원",4.7,244
362,팬틴 PRO-V 헤어스파 실키 스무드 케어 샴푸 500ml,"'모든 모발용', '일반샴푸'', '촉촉함(수분공급)'","3,650원",4.8,166
363,딥 폴리큐어 샴푸 500ml,"'모든 모발용', '일반샴푸', '세정력', '저자극', '촉촉함(수분공급)', '각질케어', '비듬케어', '볼륨효과', '모발영양'","25,000원",4.8,414
364,파놀라 노옐로우 보색샴푸 350ml,"'염색 모발용', '향', '저자극'","15,900원",4.6,847
365,르네휘테르 아스테라 프레시 수딩 샴푸 200ml,"'두피샴푸', '모든 모발용', '촉촉함(수분공급)'","16,770원",4.6,190
